system:index,Aspect,Curvature,Elevation,Extent,Geology,Name,Slope,b1,descriptio,layer,.geo
00000000000000000000_0,122.18128798,-3.0766613556E7,1268.5740831,Gangtok basin,LHS Daling,Debris flow,39.287769741,1445.4249914999527,,Debrisflow Debrisflow,"{""geodesic"":false,""type"":""Point"",""coordinates"":[88.55142913208184,27.286326755130464]}"
00000000000000000001_0,229.92302619,-7.1851756889E7,1967.7129313,Gangtok basin,LHS Daling,Debris flow,30.884160572,1499.6463614189743,,Debrisflow Debrisflow,"{""geodesic"":false,""type"":""Point"",""coordinates"":[88.64126066049378,27.241410990924486]}"
00000000000000000002_0,161.29719374,3.5550114222E7,2048.8919406,Gangtok basin,LHS Daling,Debris flow,29.478448656,1304.7758108293638,Image 3/12/2012,Debrisflow Debrisflow,"{""geodesic"":false,""type"":""Point"",""coordinates"":[88.68617642469975,27.286326755130464]}"
00000000000000000003_0,330.40676202,1.55506752E8,960.74382867,Gangtok basin,LHS Daling,Debris flow,44.812948015,1553.8323989051532,2017,Debrisflow Debrisflow,"{""geodesic"":false,""type"":""Point"",""coordinates"":[88.5963448962878,27.241410990924486]}"
00000000000000000005_0,169.09820048,6.9309522667E7,1768.0617405,Gangtok basin,MCT zone,Debris flow,45.85354699,1156.0371106496023,2011,Debrisflow Debrisflow,"{""geodesic"":false,""type"":""Point"",""coordinates"":[88.64126066049378,27.376158283542416]}"
00000000000000000006_0,171.08817546,-7.0626457722E7,2040.2376573,Gangtok basin,MCT zone,Debris flow,43.408995734,1156.0371106496023,2010,Debrisflow Debrisflow,"{""geodesic"":false,""type"":""Point"",""coordinates"":[88.64126066049378,27.376158283542416]}"
00000000000000000007_0,176.82611254,1.2102881733E8,1956.9753011,Gangtok basin,MCT zone,Debris flow,43.613314311,1030.1944350286503,2010,Debrisflow Debrisflow,"{""geodesic"":false,""type"":""Point"",""coordinates"":[88.68617642469975,27.376158283542416]}"
00000000000000000008_0,144.40456814,-1.0870172421999998E8,1615.1358236,Gangtok basin,MCT zone,Debris flow,46.212288751,1267.5643579715397,2012,Debrisflow Debrisflow,"{""geodesic"":false,""type"":""Point"",""coordinates"":[88.64126066049378,27.33124251933644]}"
00000000000000000009_0,261.59880405,-1.8752487111E7,2585.0616591,Gangtok basin,GHS paro,Debris flow,33.49731085,1304.7758108293638,2010,Debrisflow Debrisflow,"{""geodesic"":false,""type"":""Point"",""coordinates"":[88.68617642469975,27.286326755130464]}"
0000000000000000000a_0,215.55509271,1.9569069422E8,3324.0123155,Gangtok basin,GHS paro,Debris flow,25.217291832,1030.1944350286503,Active,Debrisflow Debrisflow,"{""geodesic"":false,""type"":""Point"",""coordinates"":[88.68617642469975,27.376158283542416]}"
0000000000000000000b_0,181.30348036,1.5167324822E8,913.63579644,Gangtok basin,Lingtse,Debris flow,43.266841888,1445.4249914999527,Image 9/27/2011,Debrisflow Debrisflow,"{""geodesic"":false,""type"":""Point"",""coordinates"":[88.55142913208184,27.286326755130464]}"
0000000000000000000c_0,180.83039008,-3.9642329583E7,969.87653944,Gangtok basin,Lingtse,Debris flow,42.543979221,1445.4249914999527,Image 10/27/2009,Debrisflow Debrisflow,"{""geodesic"":false,""type"":""Point"",""coordinates"":[88.55142913208184,27.286326755130464]}"
0000000000000000000d_0,151.01867676,-2.2871114625E7,1619.6388889,Gangtok basin,Lingtse,Debris flow,41.04445733,1445.4249914999527,2011,Debrisflow Debrisflow,"{""geodesic"":false,""type"":""Point"",""coordinates"":[88.55142913208184,27.286326755130464]}"
0000000000000000000e_0,98.072926839,4.1548876778E7,1958.2592638,East Sikkim,LHS Daling,Debris flow,31.961149851,1464.642113345937,,Debrisflow Debrisflow,"{""geodesic"":false,""type"":""Point"",""coordinates"":[88.68617642469975,27.241410990924486]}"
0000000000000000000f_0,341.55588108,8.0084028528E7,1080.8549262,East Sikkim,LHS Daling,Debris flow,40.383285522,1633.1576450520479,2006,Debrisflow Debrisflow,"{""geodesic"":false,""type"":""Point"",""coordinates"":[88.64126066049378,27.19649522671851]}"
00000000000000000010_0,128.7672916,-1.5722593778E8,2211.9814996,East Sikkim,GHS paro,Debris flow,49.43006897,1221.3422770208854,2011,Debrisflow Debrisflow,"{""geodesic"":false,""type"":""Point"",""coordinates"":[88.73109218890573,27.286326755130464]}"
00000000000000000011_0,271.40871006,-2.1507798044E8,1854.3055284,East Sikkim,GHS paro,Debris flow,35.547865126,1396.093931099731,,Debrisflow Debrisflow,"{""geodesic"":false,""type"":""Point"",""coordinates"":[88.73109218890573,27.241410990924486]}"
00000000000000000012_0,141.08329264,6.5133694889E7,4147.0401476,East Sikkim,GHS paro,Debris flow,39.836405648,1024.3229009045754,,Debrisflow Debrisflow,"{""geodesic"":false,""type"":""Point"",""coordinates"":[88.86583948152366,27.33124251933644]}"
00000000000000000013_0,118.03019206,8586954.6667,4148.4135742,East Sikkim,GHS paro,Debris flow,43.014732785,1024.3229009045754,,Debrisflow Debrisflow,"{""geodesic"":false,""type"":""Point"",""coordinates"":[88.86583948152366,27.33124251933644]}"
00000000000000000014_0,141.54912313,1.7792987733E8,4160.1450738,East Sikkim,GHS paro,Debris flow,37.029640834,1024.3229009045754,,Debrisflow Debrisflow,"{""geodesic"":false,""type"":""Point"",""coordinates"":[88.86583948152366,27.33124251933644]}"
00000000000000000015_0,139.761478,1.0022677094E8,3351.9228516,East Sikkim,GHS paro,Debris flow,40.348316616,1111.18768097664,,Debrisflow Debrisflow,"{""geodesic"":false,""type"":""Point"",""coordinates"":[88.86583948152366,27.286326755130464]}"
00000000000000000016_0,20.615549511,1.2729813122E8,3838.3796658,East Sikkim,GHS paro,Debris flow,44.361897363,783.4101187846318,,Debrisflow Debrisflow,"{""geodesic"":false,""type"":""Point"",""coordinates"":[88.77600795311172,27.42107404774839]}"
00000000000000000017_0,268.60417345,9.8154514833E7,3852.1173231,East Sikkim,GHS paro,Debris flow,38.599991904,823.2533040361304,,Debrisflow Debrisflow,"{""geodesic"":false,""type"":""Point"",""coordinates"":[88.73109218890573,27.42107404774839]}"
00000000000000000018_0,227.49454414,1.7417922333E7,3372.5308431,East Sikkim,GHS paro,Debris flow,42.14139684,1337.011633966118,,Debrisflow Debrisflow,"{""geodesic"":false,""type"":""Point"",""coordinates"":[88.77600795311172,27.286326755130464]}"
00000000000000000019_0,238.35524326,1.2561738356E8,4469.6142578,East Sikkim,GHS paro,Debris flow,20.48010095,860.7224581009941,,Debrisflow Debrisflow,"{""geodesic"":false,""type"":""Point"",""coordinates"":[88.82092371731768,27.376158283542416]}"
0000000000000000001a_0,331.9520874,8.9263062111E7,3649.6388889,East Sikkim,GHS paro,Debris flow,29.275976605,915.3236875679577,,Debrisflow Debrisflow,"{""geodesic"":false,""type"":""Point"",""coordinates"":[88.73109218890573,27.376158283542416]}"
0000000000000000001b_0,258.59152561,1.2330141422E8,4480.4351671,East Sikkim,GHS paro,Debris flow,24.679123561,751.099372977158,,Debrisflow Debrisflow,"{""geodesic"":false,""type"":""Point"",""coordinates"":[88.82092371731768,27.42107404774839]}"
0000000000000000001c_0,274.55593194,-2932227.0833,4358.8179253,East Sikkim,GHS paro,Debris flow,39.744684855,860.7224581009941,,Debrisflow Debrisflow,"{""geodesic"":false,""type"":""Point"",""coordinates"":[88.82092371731768,27.376158283542416]}"
0000000000000000001d_0,289.99445936,3.8693372139E7,4400.3549262,East Sikkim,GHS paro,Debris flow,40.430790795,860.7224581009941,,Debrisflow Debrisflow,"{""geodesic"":false,""type"":""Point"",""coordinates"":[88.82092371731768,27.376158283542416]}"
0000000000000000001e_0,327.08626302,2.1686023778E7,3851.6296115,East Sikkim,GHS paro,Debris flow,42.119812859,823.2533040361304,,Debrisflow Debrisflow,"{""geodesic"":false,""type"":""Point"",""coordinates"":[88.73109218890573,27.42107404774839]}"
0000000000000000001f_0,137.78555128,-5.5255809938E7,2089.3857829,East Sikkim,GHS paro,Debris flow,52.807376862,1221.3422770208854,2011,Debrisflow Debrisflow,"{""geodesic"":false,""type"":""Point"",""coordinates"":[88.73109218890573,27.286326755130464]}"
00000000000000000020_0,164.41541714,-1.5657256633E8,3072.0833605,East Sikkim,GHS paro,Debris flow,41.448216756,1111.18768097664,Image 10/5/2011,Debrisflow Debrisflow,"{""geodesic"":false,""type"":""Point"",""coordinates"":[88.86583948152366,27.286326755130464]}"
00000000000000000021_0,174.46335178,3.5840264889E7,3568.2623427,East Sikkim,GHS paro,Debris flow,29.364418877,1281.4179389636265,,Debrisflow Debrisflow,"{""geodesic"":false,""type"":""Point"",""coordinates"":[88.82092371731768,27.286326755130464]}"
00000000000000000022_0,198.73136902,1.1056617489E8,3599.7499729,East Sikkim,GHS paro,Debris flow,31.115251541,1281.4179389636265,,Debrisflow Debrisflow,"{""geodesic"":false,""type"":""Point"",""coordinates"":[88.82092371731768,27.286326755130464]}"
00000000000000000023_0,145.2409668,1.2086171156E8,4038.4721951,East Sikkim,GHS paro,Debris flow,46.590858883,860.7224581009941,,Debrisflow Debrisflow,"{""geodesic"":false,""type"":""Point"",""coordinates"":[88.82092371731768,27.376158283542416]}"
00000000000000000024_0,215.72087606,-8297513.1111,3882.0833605,East Sikkim,GHS paro,Debris flow,36.943109724,1024.3229009045754,,Debrisflow Debrisflow,"{""geodesic"":false,""type"":""Point"",""coordinates"":[88.86583948152366,27.33124251933644]}"
00000000000000000025_0,237.57852342,-1.8172895139E7,3648.3549533,East Sikkim,GHS paro,Debris flow,37.260077582,1111.18768097664,"Active
Image 10/5/2011",Debrisflow Debrisflow,"{""geodesic"":false,""type"":""Point"",""coordinates"":[88.86583948152366,27.286326755130464]}"
00000000000000000027_0,168.67681376,5.5387105778E7,3558.2839627,East Sikkim,GHS paro,Debris flow,28.654762056,1281.4179389636265,,Debrisflow Debrisflow,"{""geodesic"":false,""type"":""Point"",""coordinates"":[88.82092371731768,27.286326755130464]}"
00000000000000000028_0,153.17623732,-1.0148910067E8,2642.3611111,East Sikkim,GHS paro,Debris flow,39.797197978,1407.6649284321866,10/5/2011,Debrisflow Debrisflow,"{""geodesic"":false,""type"":""Point"",""coordinates"":[88.77600795311172,27.241410990924486]}"
00000000000000000029_0,105.96667226,-6.2154504222E7,2187.3271213,East Sikkim,GHS paro,Debris flow,27.789340973,1407.6649284321866,12/3/2010,Debrisflow Debrisflow,"{""geodesic"":false,""type"":""Point"",""coordinates"":[88.77600795311172,27.241410990924486]}"
0000000000000000002a_0,210.64685906,1.0312915444E7,2535.8796115,East Sikkim,GHS paro,Debris flow,42.504950629,1281.4179389636265,Image 10//2011,Debrisflow Debrisflow,"{""geodesic"":false,""type"":""Point"",""coordinates"":[88.82092371731768,27.286326755130464]}"
0000000000000000002b_0,228.05510966,1.2896665556E8,2665.2993435,East Sikkim,GHS paro,Debris flow,36.908766429,1281.4179389636265,Image 10/5/2011,Debrisflow Debrisflow,"{""geodesic"":false,""type"":""Point"",""coordinates"":[88.82092371731768,27.286326755130464]}"
0000000000000000002c_0,153.41199748,1.5748021289E8,2856.0432129,East Sikkim,GHS paro,Debris flow,42.062105815,1337.011633966118,10/5/2011,Debrisflow Debrisflow,"{""geodesic"":false,""type"":""Point"",""coordinates"":[88.77600795311172,27.286326755130464]}"
0000000000000000002e_0,333.71710205,-1.2188209621999995E8,3748.7932129,East Sikkim,GHS paro,Debris flow,39.279401143,783.4101187846318,,Debrisflow Debrisflow,"{""geodesic"":false,""type"":""Point"",""coordinates"":[88.77600795311172,27.42107404774839]}"
00000000000000000030_0,161.8199429,1.4414250111E8,2299.6049262,East Sikkim,GHS paro,Debris flow,37.685133192,1304.7758108293638,2011,Debrisflow Debrisflow,"{""geodesic"":false,""type"":""Point"",""coordinates"":[88.68617642469975,27.286326755130464]}"
00000000000000000031_0,151.4434611,9.3384304444E7,1533.8796251,East Sikkim,GHS paro,Debris flow,49.243693458,1221.3422770208854,2011,Debrisflow Debrisflow,"{""geodesic"":false,""type"":""Point"",""coordinates"":[88.73109218890573,27.286326755130464]}"
00000000000000000032_0,131.92601522,1.2218887344E8,1562.4290229,East Sikkim,GHS paro,Debris flow,47.911933899,1221.3422770208854,2011,Debrisflow Debrisflow,"{""geodesic"":false,""type"":""Point"",""coordinates"":[88.73109218890573,27.286326755130464]}"
00000000000000000033_0,168.22612847,-2.0315058E8,1648.0123562,East Sikkim,GHS paro,Debris flow,35.137825224,1221.3422770208854,2011,Debrisflow Debrisflow,"{""geodesic"":false,""type"":""Point"",""coordinates"":[88.73109218890573,27.286326755130464]}"
00000000000000000034_0,146.06527201,5.4101942222E7,2016.0956624,East Sikkim,GHS paro,Debris flow,45.646332635,1221.3422770208854,2011,Debrisflow Debrisflow,"{""geodesic"":false,""type"":""Point"",""coordinates"":[88.73109218890573,27.286326755130464]}"
00000000000000000035_0,145.18504673,1.9123344711E8,1868.8364258,East Sikkim,GHS paro,Debris flow,56.152946472,1221.3422770208854,2011,Debrisflow Debrisflow,"{""geodesic"":false,""type"":""Point"",""coordinates"":[88.73109218890573,27.286326755130464]}"
00000000000000000036_0,175.5536872,-5.2481875167E7,1617.3179118,East Sikkim,GHS paro,Debris flow,48.137546115,1221.3422770208854,2011,Debrisflow Debrisflow,"{""geodesic"":false,""type"":""Point"",""coordinates"":[88.73109218890573,27.286326755130464]}"
00000000000000000037_0,105.93602159,5.0513060667E7,2108.5894911,East Sikkim,GHS paro,Debris flow,46.970360226,1221.3422770208854,2011,Debrisflow Debrisflow,"{""geodesic"":false,""type"":""Point"",""coordinates"":[88.73109218890573,27.286326755130464]}"
00000000000000000038_0,259.71700033,2.36060096E8,2038.0648193,East Sikkim,GHS paro,Debris flow,44.468024784,1221.3422770208854,2011,Debrisflow Debrisflow,"{""geodesic"":false,""type"":""Point"",""coordinates"":[88.73109218890573,27.286326755130464]}"
00000000000000000039_0,148.95639208,-3509408.0,2584.9475098,East Sikkim,GHS paro,Debris flow,32.753902435,1337.011633966118,2011,Debrisflow Debrisflow,"{""geodesic"":false,""type"":""Point"",""coordinates"":[88.77600795311172,27.286326755130464]}"
0000000000000000003a_0,138.55799866,1.7749370022E8,2897.3457031,East Sikkim,GHS paro,Debris flow,45.673450894,1221.3422770208854,2011,Debrisflow Debrisflow,"{""geodesic"":false,""type"":""Point"",""coordinates"":[88.73109218890573,27.286326755130464]}"
0000000000000000003b_0,153.32406616,3.3467149244E8,2877.0493978,East Sikkim,GHS paro,Debris flow,39.447432624,1221.3422770208854,2011,Debrisflow Debrisflow,"{""geodesic"":false,""type"":""Point"",""coordinates"":[88.73109218890573,27.286326755130464]}"
0000000000000000003c_0,215.19589572,2.3967861733E8,3087.6203885,East Sikkim,GHS paro,Debris flow,44.987089793,1337.011633966118,2011,Debrisflow Debrisflow,"{""geodesic"":false,""type"":""Point"",""coordinates"":[88.77600795311172,27.286326755130464]}"
0000000000000000003d_0,141.4130639,-7.030649975E7,2350.3981662,East Sikkim,GHS paro,Debris flow,44.036753337,1337.011633966118,2011,Debrisflow Debrisflow,"{""geodesic"":false,""type"":""Point"",""coordinates"":[88.77600795311172,27.286326755130464]}"
0000000000000000003e_0,248.70966424,9.8753100667E7,3621.2839355,East Sikkim,GHS paro,Debris flow,31.174470266,1111.18768097664,"Active
2011",Debrisflow Debrisflow,"{""geodesic"":false,""type"":""Point"",""coordinates"":[88.86583948152366,27.286326755130464]}"
0000000000000000003f_0,86.026110331,1.4151135244E8,2231.8364529,East Sikkim,GHS paro,Debris flow,38.924688551,1221.3422770208854,,Debrisflow Debrisflow,"{""geodesic"":false,""type"":""Point"",""coordinates"":[88.73109218890573,27.286326755130464]}"
00000000000000000040_0,250.27804057,9.3531095701E7,3641.7963053,East Sikkim,GHS paro,Debris flow,19.05934408,1337.011633966118,2005,Debrisflow Debrisflow,"{""geodesic"":false,""type"":""Point"",""coordinates"":[88.77600795311172,27.286326755130464]}"
00000000000000000041_0,97.471321954,-2.2810578022E8,2154.2006565,East Sikkim,GHS paro,Debris flow,40.574465858,1221.3422770208854,,Debrisflow Debrisflow,"{""geodesic"":false,""type"":""Point"",""coordinates"":[88.73109218890573,27.286326755130464]}"
00000000000000000042_0,274.13989258,-3.7261732806E7,3439.8241102,East Sikkim,GHS paro,Debris flow,34.296261258,1337.011633966118,2005,Debrisflow Debrisflow,"{""geodesic"":false,""type"":""Point"",""coordinates"":[88.77600795311172,27.286326755130464]}"
00000000000000000043_0,270.18650648,-2.2530920889E7,2917.0833333,East Sikkim,GHS paro,Debris flow,43.360586802,1030.1944350286503,Active,Debrisflow Debrisflow,"{""geodesic"":false,""type"":""Point"",""coordinates"":[88.68617642469975,27.376158283542416]}"
00000000000000000044_0,281.91321818,4.0624351444E7,2973.8364258,East Sikkim,GHS paro,Debris flow,27.728068882,1030.1944350286503,Active,Debrisflow Debrisflow,"{""geodesic"":false,""type"":""Point"",""coordinates"":[88.68617642469975,27.376158283542416]}"
00000000000000000045_0,306.90535482,-2.6086977422E8,2748.5247396,East Sikkim,GHS paro,Debris flow,35.795506583,1030.1944350286503,Active,Debrisflow Debrisflow,"{""geodesic"":false,""type"":""Point"",""coordinates"":[88.68617642469975,27.376158283542416]}"
00000000000000000046_0,243.00549316,2.3781194044E8,3504.5864258,East Sikkim,GHS paro,Debris flow,27.346776115,823.2533040361304,,Debrisflow Debrisflow,"{""geodesic"":false,""type"":""Point"",""coordinates"":[88.73109218890573,27.42107404774839]}"
00000000000000000047_0,111.83025021,3.0261778089E8,1979.2006293,East Sikkim,GHS paro,Debris flow,57.717934926,1221.3422770208854,2010,Debrisflow Debrisflow,"{""geodesic"":false,""type"":""Point"",""coordinates"":[88.73109218890573,27.286326755130464]}"
00000000000000000048_0,97.903861152,-2.1167273345E7,1371.8487549,East Sikkim,GHS paro,Debris flow,32.757244746,1512.5972638858475,2011,Debrisflow Debrisflow,"{""geodesic"":false,""type"":""Point"",""coordinates"":[88.73109218890573,27.19649522671851]}"
0000000000000000007f_0,144.19196404,-1.2959670417E7,1334.5926107,Sikkim,LHS Daling,Debris flow,43.998753018,1584.1721733137965,2011,Debrisflow Debrisflow,"{""geodesic"":false,""type"":""Point"",""coordinates"":[88.37176607525792,27.286326755130464]}"
00000000000000000080_0,138.25294325,3.1649299822E8,2285.6944444,Sikkim,LHS Daling,Debris flow,37.339126375,1508.9623629197595,2005,Debrisflow Debrisflow,"{""geodesic"":false,""type"":""Point"",""coordinates"":[88.28193454684597,27.376158283542416]}"
00000000000000000081_0,186.569497,1.0941331378E8,1704.5246853,Sikkim,LHS Daling,Debris flow,29.768242518,1562.9640082140177,2002,Debrisflow Debrisflow,"{""geodesic"":false,""type"":""Point"",""coordinates"":[88.28193454684597,27.33124251933644]}"
00000000000000000082_0,222.74235874,4.6684647222E7,813.36728923,Sikkim,LHS Daling,Debris flow,29.752145979,1861.6723172133643,,Debrisflow Debrisflow,"{""geodesic"":false,""type"":""Point"",""coordinates"":[88.4166818394639,27.10666369830656]}"
00000000000000000083_0,242.68657091,1.7438659289E8,1056.3858032,Sikkim,LHS Daling,Debris flow,35.817365223,1861.6723172133643,2011,Debrisflow Debrisflow,"{""geodesic"":false,""type"":""Point"",""coordinates"":[88.4166818394639,27.10666369830656]}"
00000000000000000084_0,167.21416558,2.6463290667E7,3553.0864529,Sikkim,LHS Daling,Debris flow,47.463575575,988.1377073153853,,Debrisflow Debrisflow,"{""geodesic"":false,""type"":""Point"",""coordinates"":[88.64126066049378,27.46598981195437]}"
00000000000000000085_0,199.11069234,4.5895039222E7,2192.9752875,Sikkim,LHS Daling,Debris flow,43.841981676,1559.0425320841023,Active,Debrisflow Debrisflow,"{""geodesic"":false,""type"":""Point"",""coordinates"":[88.4166818394639,27.286326755130464]}"
00000000000000000086_0,142.63734521,2.7023567189E8,1246.1975369,Sikkim,LHS Daling,Debris flow,47.036692301,1645.699705261737,Active,Debrisflow Debrisflow,"{""geodesic"":false,""type"":""Point"",""coordinates"":[88.28193454684597,27.286326755130464]}"
00000000000000000088_0,118.42128923,1.3406468489E8,872.48766412,Sikkim,LHS Daling,Debris flow,49.328309377,1645.699705261737,,Debrisflow Debrisflow,"{""geodesic"":false,""type"":""Point"",""coordinates"":[88.28193454684597,27.286326755130464]}"
00000000000000000089_0,187.68825955,2.3697654222E7,1298.5246853,Sikkim,LHS Daling,Debris flow,37.990409639,1608.5915696395095,2015,Debrisflow Debrisflow,"{""geodesic"":false,""type"":""Point"",""coordinates"":[88.32685031105196,27.286326755130464]}"
0000000000000000008a_0,194.4988505,2.8944495222E7,1414.6573893,Sikkim,LHS Daling,Debris flow,42.018555959,1608.5915696395095,2015,Debrisflow Debrisflow,"{""geodesic"":false,""type"":""Point"",""coordinates"":[88.32685031105196,27.286326755130464]}"
0000000000000000008b_0,195.78910828,1.2348644133E8,1544.1481391,Sikkim,LHS Daling,Debris flow,31.432821486,1608.5915696395095,2017,Debrisflow Debrisflow,"{""geodesic"":false,""type"":""Point"",""coordinates"":[88.32685031105196,27.286326755130464]}"
0000000000000000008c_0,182.76042684,3.4764303444E7,1170.4228244,Sikkim,LHS Daling,Debris flow,33.258218977,1204.1585396900773,2011,Debrisflow Debrisflow,"{""geodesic"":false,""type"":""Point"",""coordinates"":[88.50651336787585,27.510905576160344]}"
0000000000000000008d_0,211.11202664,1.1351997194E8,983.932095,Sikkim,LHS Daling,Debris flow,37.557007896,1714.6060538333986,2011,Debrisflow Debrisflow,"{""geodesic"":false,""type"":""Point"",""coordinates"":[88.4166818394639,27.151579462512537]}"
0000000000000000008e_0,163.02642314,8.0205994E7,3518.3549262,Sikkim,MCT zone,Debris flow,33.555886375,988.1377073153853,,Debrisflow Debrisflow,"{""geodesic"":false,""type"":""Point"",""coordinates"":[88.64126066049378,27.46598981195437]}"
0000000000000000008f_0,148.01898193,2.4236032844E8,2028.6512451,Sikkim,MCT zone,Debris flow,51.555369483,1579.0815292316838,2011,Debrisflow Debrisflow,"{""geodesic"":false,""type"":""Point"",""coordinates"":[88.23701878263999,27.286326755130464]}"
00000000000000000090_0,139.59224447,1.1152936889E7,3180.8271213,Sikkim,GHS paro,Debris flow,49.283426921,1426.7451076871766,,Debrisflow Debrisflow,"{""geodesic"":false,""type"":""Point"",""coordinates"":[88.23701878263999,27.46598981195437]}"
00000000000000000091_0,188.71248372,2.872074E7,3810.2623698,Sikkim,GHS paro,Debris flow,43.15246794,823.2533040361304,,Debrisflow Debrisflow,"{""geodesic"":false,""type"":""Point"",""coordinates"":[88.73109218890573,27.42107404774839]}"
00000000000000000092_0,89.997079637,-6.0629844111E7,3756.8363715,Sikkim,GHS paro,Debris flow,36.508905835,1538.017554666374,"Definite
Active
With depositional fan",Debrisflow Debrisflow,"{""geodesic"":false,""type"":""Point"",""coordinates"":[88.14718725422804,27.42107404774839]}"
00000000000000000093_0,148.52689955,1.2338961027E8,2596.484592,Sikkim,GHS paro,Debris flow,49.7983515,1596.4795755796658,2015,Debrisflow Debrisflow,"{""geodesic"":false,""type"":""Point"",""coordinates"":[88.10227149002208,27.376158283542416]}"
00000000000000000094_0,182.09759861,-1.3426933E7,2395.97838,Sikkim,GHS paro,Debris flow,42.118277232,1596.4795755796658,,Debrisflow Debrisflow,"{""geodesic"":false,""type"":""Point"",""coordinates"":[88.10227149002208,27.376158283542416]}"
00000000000000000095_0,164.05304633,9.8655186222E7,3444.8611111,Sikkim,GHS paro,Debris flow,37.047187805,1596.4795755796658,2010,Debrisflow Debrisflow,"{""geodesic"":false,""type"":""Point"",""coordinates"":[88.10227149002208,27.376158283542416]}"
00000000000000000096_0,118.95626916,-6.6862180056E7,2997.2036947,Sikkim,GHS paro,Debris flow,35.596933577,1596.4795755796658,2010,Debrisflow Debrisflow,"{""geodesic"":false,""type"":""Point"",""coordinates"":[88.10227149002208,27.376158283542416]}"
00000000000000000097_0,142.27357229,2393411.5556,4059.5092231,Sikkim,GHS paro,Debris flow,43.655657874,1538.017554666374,2010,Debrisflow Debrisflow,"{""geodesic"":false,""type"":""Point"",""coordinates"":[88.10227149002208,27.42107404774839]}"
00000000000000000098_0,184.01807997,1.0063650667E7,3943.0833062,Sikkim,GHS paro,Debris flow,33.323113547,1561.8690130208706,2010,Debrisflow Debrisflow,"{""geodesic"":false,""type"":""Point"",""coordinates"":[88.10227149002208,27.46598981195437]}"
00000000000000000099_0,142.85241191,-2.4976031944E7,3921.8178711,Sikkim,GHS paro,Debris flow,36.590758642,1561.8690130208706,2010,Debrisflow Debrisflow,"{""geodesic"":false,""type"":""Point"",""coordinates"":[88.10227149002208,27.46598981195437]}"
0000000000000000009a_0,179.45042759,2.4707729056E7,3914.2406955,Sikkim,GHS paro,Debris flow,37.475738525,1561.8690130208706,"Definite 
Active",Debrisflow Debrisflow,"{""geodesic"":false,""type"":""Point"",""coordinates"":[88.14718725422804,27.46598981195437]}"
0000000000000000009b_0,195.96568468,-7.9408443333E7,3675.1142307,Sikkim,GHS paro,Debris flow,25.701721191,1426.7451076871766,"Definite
Active",Debrisflow Debrisflow,"{""geodesic"":false,""type"":""Point"",""coordinates"":[88.23701878263999,27.46598981195437]}"
0000000000000000009c_0,322.54821099,3.3172204622E8,3703.2314724,Sikkim,GHS paro,Debris flow,46.054512872,823.2533040361304,Earliest image 11/24/2007,Debrisflow Debrisflow,"{""geodesic"":false,""type"":""Point"",""coordinates"":[88.73109218890573,27.42107404774839]}"
0000000000000000009d_0,100.98441145,1.1492699867E8,3326.8055827,Sikkim,GHS paro,Debris flow,34.329881032,934.829704351956,Image 1/20/2015,Debrisflow Debrisflow,"{""geodesic"":false,""type"":""Point"",""coordinates"":[88.68617642469975,27.42107404774839]}"
0000000000000000009e_0,170.40501912,-1.1119671610999998E8,3496.6882867,Sikkim,GHS paro,Debris flow,38.664650175,934.829704351956,,Debrisflow Debrisflow,"{""geodesic"":false,""type"":""Point"",""coordinates"":[88.68617642469975,27.42107404774839]}"
0000000000000000009f_0,327.28834025,1.2234659989E8,3494.1172689,Sikkim,GHS paro,Debris flow,25.167319616,934.829704351956,,Debrisflow Debrisflow,"{""geodesic"":false,""type"":""Point"",""coordinates"":[88.68617642469975,27.42107404774839]}"
000000000000000000a0_0,314.87548828,2.4777373244E8,3335.0709907,Sikkim,GHS paro,Debris flow,36.932959874,934.829704351956,,Debrisflow Debrisflow,"{""geodesic"":false,""type"":""Point"",""coordinates"":[88.68617642469975,27.42107404774839]}"
000000000000000000a1_0,119.86861102,3140796.4444,3444.1265734,Sikkim,GHS paro,Debris flow,39.428035736,823.2533040361304,,Debrisflow Debrisflow,"{""geodesic"":false,""type"":""Point"",""coordinates"":[88.73109218890573,27.42107404774839]}"
000000000000000000a2_0,217.02722677,5.0554040444E7,4257.6265191,Sikkim,GHS paro,Debris flow,18.456981023,1516.7048292654144,,Debrisflow Debrisflow,"{""geodesic"":false,""type"":""Point"",""coordinates"":[88.0573557258161,27.46598981195437]}"
000000000000000000a3_0,24.931606081,-1.97332012E8,4419.4814996,Sikkim,GHS paro,Debris flow,44.364261203,1516.7048292654144,Active,Debrisflow Debrisflow,"{""geodesic"":false,""type"":""Point"",""coordinates"":[88.0573557258161,27.46598981195437]}"
000000000000000000a4_0,120.93289778,-2.0617848889E7,3033.9969076,Sikkim,GHS paro,Debris flow,50.503912184,1464.5996394510767,2015,Debrisflow Debrisflow,"{""geodesic"":false,""type"":""Point"",""coordinates"":[88.28193454684597,27.42107404774839]}"
000000000000000000a5_0,159.46853299,-1.43593732E8,2183.3950467,Sikkim,GHS paro,Debris flow,55.941456689,873.8270928780839,2012,Debrisflow Debrisflow,"{""geodesic"":false,""type"":""Point"",""coordinates"":[88.68617642469975,27.46598981195437]}"
000000000000000000b1_0,174.62932671,-6697967.0,1285.5123291,Sikkim,LHS,Debris flow,41.74630483,1727.5028963617515,2009,Debrisflow Debrisflow,"{""geodesic"":false,""type"":""Point"",""coordinates"":[88.28193454684597,27.19649522671851]}"
000000000000000000b2_0,153.29155138,-9.6142108778E7,1422.3302409,Sikkim,LHS,Debris flow,51.036560059,1700.1232972431899,2011,Debrisflow Debrisflow,"{""geodesic"":false,""type"":""Point"",""coordinates"":[88.37176607525792,27.19649522671851]}"
000000000000000000b3_0,163.50706821,2.9080428356E8,3600.0771484,Sikkim,Lingtse,Debris flow,42.453251521,988.1377073153853,,Debrisflow Debrisflow,"{""geodesic"":false,""type"":""Point"",""coordinates"":[88.64126066049378,27.46598981195437]}"
000000000000000000b4_0,135.66286892,1.1893653111E7,2013.4814996,Sikkim,Lingtse,Debris flow,49.989150577,1075.5779467665998,2012,Debrisflow Debrisflow,"{""geodesic"":false,""type"":""Point"",""coordinates"":[88.64126066049378,27.42107404774839]}"
000000000000000000b5_0,131.99617852,1.1546412844E8,1990.8549262,,GHS paro,Debris flow,31.94802263,1389.7380377609952,Image 10/5/2011,Debrisflow Debrisflow,"{""geodesic"":false,""type"":""Point"",""coordinates"":[88.82092371731768,27.19649522671851]}"
000000000000000000b6_0,161.06774055,-1.0927246489E8,3792.888916,,GHS paro,Debris flow,40.624218835,1020.9094353788532,,Debrisflow Debrisflow,"{""geodesic"":false,""type"":""Point"",""coordinates"":[88.91075524572963,27.286326755130464]}"
000000000000000000b7_0,80.266125149,1.9324261422E8,1987.4136149,,GHS paro,Debris flow,38.200247659,1389.7380377609952,Image 10/5/2011,Debrisflow Debrisflow,"{""geodesic"":false,""type"":""Point"",""coordinates"":[88.82092371731768,27.19649522671851]}"
00000000000000000026_0,253.45216031,-5.2108742667E7,3609.3271484,East Sikkim,GHS paro,Debris flow?,24.434056388,1020.9094353788532,,Debrisflow Debrisflow,"{""geodesic"":false,""type"":""Point"",""coordinates"":[88.91075524572963,27.286326755130464]}"
0000000000000000002d_0,215.46376885,9.4864791111E7,3130.9814724,East Sikkim,GHS paro,Debris flow?,48.248081631,1337.011633966118,Image 10/5/2011,Debrisflow Debrisflow,"{""geodesic"":false,""type"":""Point"",""coordinates"":[88.77600795311172,27.286326755130464]}"
0000000000000000002f_0,146.89472792,1.2542040689E8,2369.8827311,East Sikkim,GHS paro,Debris flow?,31.169343101,1396.093931099731,Image 1/16/2010,Debrisflow Debrisflow,"{""geodesic"":false,""type"":""Point"",""coordinates"":[88.73109218890573,27.241410990924486]}"
00000000000000000087_0,162.36072032,-1.8512416178E8,1509.9413656,Sikkim,LHS Daling,Debris slide-flow,26.469086965,1485.1020229996648,2005,Debrisflow Debrisflow,"{""geodesic"":false,""type"":""Point"",""coordinates"":[88.32685031105196,27.376158283542416]}"
00000000000000000004_0,85.423542447,5733764.0885,1387.90743,Gangtok basin,LHS Daling,Debris flow,29.063779619,1267.5643579715397,2017,Debrisflow Discussed with Claire,"{""geodesic"":false,""type"":""Point"",""coordinates"":[88.64126066049378,27.33124251933644]}"
00000000000000000049_0,128.66777378,-4.8373276333E7,1995.1851942,East Sikkim,GHS paro,Debris flow,57.09408866,1114.7355926985038,2011,Debrisflow Discussed with Claire,"{""geodesic"":false,""type"":""Point"",""coordinates"":[88.73109218890573,27.33124251933644]}"
0000000000000000004a_0,117.67429352,2.4839995556E8,1992.7191569,East Sikkim,GHS paro,Debris flow,53.379837884,1221.3422770208854,2011,Debrisflow Discussed with Claire,"{""geodesic"":false,""type"":""Point"",""coordinates"":[88.73109218890573,27.286326755130464]}"
0000000000000000004b_0,135.10415904,5.2229090889E7,1846.0216064,East Sikkim,GHS paro,Debris flow,37.232785967,1221.3422770208854,2011,Debrisflow Discussed with Claire,"{""geodesic"":false,""type"":""Point"",""coordinates"":[88.73109218890573,27.286326755130464]}"
0000000000000000004c_0,103.19099087,-2.5962449778E8,1827.8456896,East Sikkim,GHS paro,Debris flow,63.999013689,1221.3422770208854,2011,Debrisflow Discussed with Claire,"{""geodesic"":false,""type"":""Point"",""coordinates"":[88.73109218890573,27.286326755130464]}"
0000000000000000004d_0,188.09582689,1.923973965E8,2924.9536947,East Sikkim,GHS paro,Debris flow,45.82308197,1407.6649284321866,2011,Debrisflow Discussed with Claire,"{""geodesic"":false,""type"":""Point"",""coordinates"":[88.77600795311172,27.241410990924486]}"
0000000000000000004e_0,118.3053894,6257655.1111,2065.9814996,East Sikkim,GHS paro,Debris flow,56.893426683,1221.3422770208854,2011,Debrisflow Discussed with Claire,"{""geodesic"":false,""type"":""Point"",""coordinates"":[88.73109218890573,27.286326755130464]}"
0000000000000000004f_0,108.15418582,2.6667860711E8,2005.4629991,East Sikkim,GHS paro,Debris flow,50.535063426,1221.3422770208854,2011,Debrisflow Discussed with Claire,"{""geodesic"":false,""type"":""Point"",""coordinates"":[88.73109218890573,27.286326755130464]}"
00000000000000000050_0,108.4813953,-2.0829811022E8,1899.6882731,East Sikkim,GHS paro,Debris flow,41.841490852,1221.3422770208854,2011,Debrisflow Discussed with Claire,"{""geodesic"":false,""type"":""Point"",""coordinates"":[88.73109218890573,27.286326755130464]}"
00000000000000000051_0,96.318543328,1.9298975089E8,2027.4383138,East Sikkim,GHS paro,Debris flow,47.78560808,1221.3422770208854,2011,Debrisflow Discussed with Claire,"{""geodesic"":false,""type"":""Point"",""coordinates"":[88.73109218890573,27.286326755130464]}"
00000000000000000052_0,121.69872369,-4.7710854222E7,2049.6296522,East Sikkim,GHS paro,Debris flow,57.86491055,1221.3422770208854,2011,Debrisflow Discussed with Claire,"{""geodesic"":false,""type"":""Point"",""coordinates"":[88.73109218890573,27.286326755130464]}"
00000000000000000053_0,107.20350732,-1.7975701333E7,1962.6481527,East Sikkim,GHS paro,Debris flow,52.558352576,1114.7355926985038,2011,Debrisflow Discussed with Claire,"{""geodesic"":false,""type"":""Point"",""coordinates"":[88.73109218890573,27.33124251933644]}"
00000000000000000054_0,300.61964586,2.8230657778E7,2371.6419542,East Sikkim,GHS paro,Debris flow,45.030774858,1221.3422770208854,2011,Debrisflow Discussed with Claire,"{""geodesic"":false,""type"":""Point"",""coordinates"":[88.73109218890573,27.286326755130464]}"
0000000000000000005c_0,183.10639275,2.0783652789E8,4615.6975911,East Sikkim,GHS paro,Debris flow,25.289329105,751.099372977158,,Highlands_slides Highlands,"{""geodesic"":false,""type"":""Point"",""coordinates"":[88.82092371731768,27.42107404774839]}"
0000000000000000005e_0,157.95101081,3.7954517667E7,4533.0895725,East Sikkim,GHS paro,Debris flow,32.941436344,751.099372977158,,Highlands_slides Highlands,"{""geodesic"":false,""type"":""Point"",""coordinates"":[88.82092371731768,27.42107404774839]}"
00000000000000000062_0,192.70278761,5.9395754667E7,4649.8580187,East Sikkim,GHS paro,Debris flow,37.908235338,751.099372977158,,Highlands_slides Highlands,"{""geodesic"":false,""type"":""Point"",""coordinates"":[88.82092371731768,27.42107404774839]}"
00000000000000000063_0,200.93922594,-596709.3333300002,4624.66352,East Sikkim,GHS paro,Debris flow,34.989842733,751.099372977158,,Highlands_slides Highlands,"{""geodesic"":false,""type"":""Point"",""coordinates"":[88.82092371731768,27.42107404774839]}"
00000000000000000064_0,229.83143785,1.5162578178E8,4649.160536,East Sikkim,GHS paro,Debris flow,29.017332501,751.099372977158,,Highlands_slides Highlands,"{""geodesic"":false,""type"":""Point"",""coordinates"":[88.82092371731768,27.42107404774839]}"
00000000000000000069_0,162.90853373,-2.7643373986E7,4468.7160916,East Sikkim,GHS paro,Debris flow,25.012851715,783.4101187846318,,Highlands_slides Highlands,"{""geodesic"":false,""type"":""Point"",""coordinates"":[88.77600795311172,27.42107404774839]}"
0000000000000000006a_0,151.89782206,1.1805917244E8,4440.7190755,East Sikkim,GHS paro,Debris flow,36.452281104,783.4101187846318,,Highlands_slides Highlands,"{""geodesic"":false,""type"":""Point"",""coordinates"":[88.77600795311172,27.42107404774839]}"
0000000000000000006b_0,296.99116855,1.3271464633E8,4504.1017795,East Sikkim,GHS paro,Debris flow,38.298570633,783.4101187846318,,Highlands_slides Highlands,"{""geodesic"":false,""type"":""Point"",""coordinates"":[88.77600795311172,27.42107404774839]}"
0000000000000000006c_0,267.88892365,3.6800815289E8,4600.3950195,East Sikkim,GHS paro,Debris flow,28.892326037,783.4101187846318,,Highlands_slides Highlands,"{""geodesic"":false,""type"":""Point"",""coordinates"":[88.77600795311172,27.42107404774839]}"
0000000000000000006d_0,308.83096653,3.7278244111E7,4549.3734266,East Sikkim,GHS paro,Debris flow,27.926974932,783.4101187846318,,Highlands_slides Highlands,"{""geodesic"":false,""type"":""Point"",""coordinates"":[88.77600795311172,27.42107404774839]}"
0000000000000000006f_0,42.761819919,5.6005802556E7,4562.9845378,East Sikkim,GHS paro,Debris flow,39.532224019,783.4101187846318,,Highlands_slides Highlands,"{""geodesic"":false,""type"":""Point"",""coordinates"":[88.77600795311172,27.42107404774839]}"
00000000000000000072_0,263.85192193,1.9236274258E8,4402.3425564,East Sikkim,GHS paro,Debris flow,24.15366141,783.4101187846318,,Highlands_slides Highlands,"{""geodesic"":false,""type"":""Point"",""coordinates"":[88.77600795311172,27.42107404774839]}"
00000000000000000073_0,180.58992513,3.6000154444E7,4378.3828668,East Sikkim,GHS paro,Debris flow,31.535400179,783.4101187846318,,Highlands_slides Highlands,"{""geodesic"":false,""type"":""Point"",""coordinates"":[88.77600795311172,27.42107404774839]}"
00000000000000000074_0,199.3560418,6.2487547778E7,4295.5463325,East Sikkim,GHS paro,Debris flow,41.066450119,783.4101187846318,,Highlands_slides Highlands,"{""geodesic"":false,""type"":""Point"",""coordinates"":[88.77600795311172,27.42107404774839]}"
00000000000000000076_0,274.17293125,2.6685874311E8,4356.8272027,East Sikkim,GHS paro,Debris flow,35.517037921,895.7142412953399,,Highlands_slides Highlands,"{""geodesic"":false,""type"":""Point"",""coordinates"":[88.77600795311172,27.376158283542416]}"
00000000000000000078_0,329.37999471,9.5295078444E7,4138.6789822,East Sikkim,GHS paro,Debris flow,23.018336826,847.0706128914608,image 10/19/2017,Highlands_slides Highlands,"{""geodesic"":false,""type"":""Point"",""coordinates"":[88.86583948152366,27.376158283542416]}"
0000000000000000007b_0,222.36064826,1.5085743444E8,4590.8024089,East Sikkim,GHS paro,Debris flow,40.400945028,847.0706128914608,,Highlands_slides Highlands,"{""geodesic"":false,""type"":""Point"",""coordinates"":[88.86583948152366,27.376158283542416]}"
0000000000000000007c_0,295.70233832,-5.0730655806E7,4272.4197049,East Sikkim,GHS paro,Debris flow,40.101439582,1024.3229009045754,,Highlands_slides Highlands,"{""geodesic"":false,""type"":""Point"",""coordinates"":[88.86583948152366,27.33124251933644]}"
00000000000000000055_0,101.14254761,1.1790118644E8,4132.8796658,East Sikkim,GHS paro,Rock fall,14.54743433,1024.3229009045754,,Highlands_slides Highlands,"{""geodesic"":false,""type"":""Point"",""coordinates"":[88.86583948152366,27.33124251933644]}"
00000000000000000056_0,304.34316678,2.8516379556E7,4370.1265734,East Sikkim,GHS paro,Rock fall,30.432483461,783.4101187846318,image 10/18/2017,Highlands_slides Highlands,"{""geodesic"":false,""type"":""Point"",""coordinates"":[88.77600795311172,27.42107404774839]}"
00000000000000000057_0,334.25257365,9.9248861778E7,4582.8148329,East Sikkim,GHS paro,Rock fall,34.650342941,751.099372977158,,Highlands_slides Highlands,"{""geodesic"":false,""type"":""Point"",""coordinates"":[88.82092371731768,27.42107404774839]}"
00000000000000000058_0,325.66144138,1.4737625511E8,4594.7222765,East Sikkim,GHS paro,Rock fall,28.523429977,751.099372977158,,Highlands_slides Highlands,"{""geodesic"":false,""type"":""Point"",""coordinates"":[88.82092371731768,27.42107404774839]}"
00000000000000000059_0,310.79803467,8.9942385778E7,4601.6142036,East Sikkim,GHS paro,Rock fall,30.773349126,751.099372977158,,Highlands_slides Highlands,"{""geodesic"":false,""type"":""Point"",""coordinates"":[88.82092371731768,27.42107404774839]}"
0000000000000000005a_0,270.9704149,2.4782300844E8,4494.4907769,East Sikkim,GHS paro,Rock fall,47.129038917,860.7224581009941,,Highlands_slides Highlands,"{""geodesic"":false,""type"":""Point"",""coordinates"":[88.82092371731768,27.376158283542416]}"
0000000000000000005b_0,99.006627401,7.8780589111E7,4483.175944,East Sikkim,GHS paro,Rock fall,35.678927528,751.099372977158,,Highlands_slides Highlands,"{""geodesic"":false,""type"":""Point"",""coordinates"":[88.82092371731768,27.42107404774839]}"
00000000000000000060_0,302.03416951,2.8905876444E8,4642.5863715,East Sikkim,GHS paro,Rock fall,33.211696413,751.099372977158,,Highlands_slides Highlands,"{""geodesic"":false,""type"":""Point"",""coordinates"":[88.82092371731768,27.42107404774839]}"
00000000000000000061_0,309.24114312,8333370.7222,4603.0,East Sikkim,GHS paro,Rock fall,43.280948215,751.099372977158,,Highlands_slides Highlands,"{""geodesic"":false,""type"":""Point"",""coordinates"":[88.82092371731768,27.42107404774839]}"
00000000000000000065_0,229.46404351,8.7585783556E7,4511.8580729,East Sikkim,GHS paro,Rock fall,25.92536672,783.4101187846318,,Highlands_slides Highlands,"{""geodesic"":false,""type"":""Point"",""coordinates"":[88.77600795311172,27.42107404774839]}"
00000000000000000066_0,230.83790419,4.1175332333E7,4516.8302951,East Sikkim,GHS paro,Rock fall,34.367727704,783.4101187846318,,Highlands_slides Highlands,"{""geodesic"":false,""type"":""Point"",""coordinates"":[88.77600795311172,27.42107404774839]}"
00000000000000000067_0,232.31161329,1.4857930819E7,4512.5617405,East Sikkim,GHS paro,Rock fall,39.726336585,783.4101187846318,,Highlands_slides Highlands,"{""geodesic"":false,""type"":""Point"",""coordinates"":[88.77600795311172,27.42107404774839]}"
00000000000000000068_0,226.71680535,8.0584747472E7,4521.2407227,East Sikkim,GHS paro,Rock fall,38.658762614,783.4101187846318,,Highlands_slides Highlands,"{""geodesic"":false,""type"":""Point"",""coordinates"":[88.77600795311172,27.42107404774839]}"
0000000000000000006e_0,115.11593776,1.6032978778E8,4530.4290365,East Sikkim,GHS paro,Rock fall,34.8011979,783.4101187846318,,Highlands_slides Highlands,"{""geodesic"":false,""type"":""Point"",""coordinates"":[88.77600795311172,27.42107404774839]}"
00000000000000000070_0,246.32598792,2.1139886489E8,4399.3549805,East Sikkim,GHS paro,Rock fall,39.422789256,783.4101187846318,,Highlands_slides Highlands,"{""geodesic"":false,""type"":""Point"",""coordinates"":[88.77600795311172,27.42107404774839]}"
00000000000000000071_0,318.59216309,6.4902856E7,4363.8055013,East Sikkim,GHS paro,Rock fall,44.323433346,783.4101187846318,,Highlands_slides Highlands,"{""geodesic"":false,""type"":""Point"",""coordinates"":[88.77600795311172,27.42107404774839]}"
00000000000000000075_0,279.95441013,-5.3360038222E7,4288.7840169,East Sikkim,GHS paro,Rock fall,37.504195743,895.7142412953399,,Highlands_slides Highlands,"{""geodesic"":false,""type"":""Point"",""coordinates"":[88.77600795311172,27.376158283542416]}"
0000000000000000007a_0,262.91352844,-1571584.0,4433.0371094,East Sikkim,GHS paro,Rock fall,33.970764584,847.0706128914608,,Highlands_slides Highlands,"{""geodesic"":false,""type"":""Point"",""coordinates"":[88.86583948152366,27.376158283542416]}"
0000000000000000007e_0,209.40326267,7.1175740667E7,4577.2068142,East Sikkim,GHS paro,Rock fall,33.451516469,751.099372977158,,Highlands_slides Highlands,"{""geodesic"":false,""type"":""Point"",""coordinates"":[88.82092371731768,27.42107404774839]}"
000000000000000000a6_0,198.33933004,2.0137149111E7,4534.3580729,Sikkim,GHS paro,Rock fall,36.556987339,783.4101187846318,,Highlands_slides Highlands,"{""geodesic"":false,""type"":""Point"",""coordinates"":[88.77600795311172,27.42107404774839]}"
000000000000000000a7_0,241.59060838,1.9908344267E8,4415.398112,Sikkim,GHS paro,Rock fall,32.310852051,783.4101187846318,,Highlands_slides Highlands,"{""geodesic"":false,""type"":""Point"",""coordinates"":[88.77600795311172,27.42107404774839]}"
000000000000000000a8_0,256.52471415,4.5309569111E7,4487.7838542,Sikkim,GHS paro,Rock fall,36.255406698,783.4101187846318,,Highlands_slides Highlands,"{""geodesic"":false,""type"":""Point"",""coordinates"":[88.77600795311172,27.42107404774839]}"
000000000000000000a9_0,227.76804267,-6.5603982444E7,4541.1697591,Sikkim,GHS paro,Rock fall,37.08942922,783.4101187846318,,Highlands_slides Highlands,"{""geodesic"":false,""type"":""Point"",""coordinates"":[88.77600795311172,27.42107404774839]}"
000000000000000000aa_0,262.26807658,2.4650542178E8,4558.8179253,Sikkim,GHS paro,Rock fall,28.998467551,783.4101187846318,,Highlands_slides Highlands,"{""geodesic"":false,""type"":""Point"",""coordinates"":[88.77600795311172,27.42107404774839]}"
000000000000000000ab_0,272.81709798,2.89039984E8,4543.7653537,Sikkim,GHS paro,Rock fall,34.679422802,783.4101187846318,,Highlands_slides Highlands,"{""geodesic"":false,""type"":""Point"",""coordinates"":[88.77600795311172,27.42107404774839]}"
000000000000000000ac_0,286.24936591,7.9620184111E7,4499.6171875,Sikkim,GHS paro,Rock fall,40.304924859,783.4101187846318,,Highlands_slides Highlands,"{""geodesic"":false,""type"":""Point"",""coordinates"":[88.77600795311172,27.42107404774839]}"
000000000000000000ad_0,286.24936591,7.9620184111E7,4499.6171875,Sikkim,GHS paro,Rock fall,40.304924859,783.4101187846318,,Highlands_slides Highlands,"{""geodesic"":false,""type"":""Point"",""coordinates"":[88.77600795311172,27.42107404774839]}"
000000000000000000b0_0,245.09909566,-3.44688E7,4545.7160373,Sikkim,GHS paro,Rock fall,45.454026116,783.4101187846318,,Highlands_slides Highlands,"{""geodesic"":false,""type"":""Point"",""coordinates"":[88.77600795311172,27.42107404774839]}"
000000000000000000b8_0,95.556522793,9.8050225278E7,4522.6388889,,GHS paro,Rock fall,39.986954159,751.099372977158,,Highlands_slides Highlands,"{""geodesic"":false,""type"":""Point"",""coordinates"":[88.82092371731768,27.42107404774839]}"
00000000000000000077_0,151.46776157,-1.2040789111E7,4077.5308431,East Sikkim,GHS paro,Rock fall/debris flow,41.875058916,860.7224581009941,,Highlands_slides Highlands,"{""geodesic"":false,""type"":""Point"",""coordinates"":[88.82092371731768,27.376158283542416]}"
000000000000000000ae_0,292.84095256,5.4642675111E7,4558.79324,Sikkim,GHS paro,Rock fall/debris flow,40.755428738,783.4101187846318,,Highlands_slides Highlands,"{""geodesic"":false,""type"":""Point"",""coordinates"":[88.77600795311172,27.42107404774839]}"
000000000000000000af_0,282.6970893,-1.1714670756E8,4544.7098524,Sikkim,GHS paro,Rock fall/debris flow,35.739578671,783.4101187846318,,Highlands_slides Highlands,"{""geodesic"":false,""type"":""Point"",""coordinates"":[88.77600795311172,27.42107404774839]}"
0000000000000000005d_0,162.3387129,2.1627713022E8,4649.54324,East Sikkim,GHS paro,Rock slide,21.450714005,751.099372977158,,Highlands_slides Highlands,"{""geodesic"":false,""type"":""Point"",""coordinates"":[88.82092371731768,27.42107404774839]}"
00000000000000000079_0,184.78143989,1.4298617956E8,4294.7654622,East Sikkim,GHS paro,Rock slide,42.423526764,847.0706128914608,Dipslope,Highlands_slides Highlands,"{""geodesic"":false,""type"":""Point"",""coordinates"":[88.86583948152366,27.376158283542416]}"
0000000000000000007d_0,153.98754671,2.6419380978E8,4133.2345378,East Sikkim,GHS paro,Rock slide,17.193477419,1111.18768097664,,Highlands_slides Highlands,"{""geodesic"":false,""type"":""Point"",""coordinates"":[88.86583948152366,27.286326755130464]}"
0000000000000000005f_0,201.18377177,1.0178685578E8,4434.3024631,East Sikkim,GHS paro,Rock slide - debris flow,34.575924555,783.4101187846318,,Highlands_slides Highlands,"{""geodesic"":false,""type"":""Point"",""coordinates"":[88.77600795311172,27.42107404774839]}"
